<?xml version="1.0" encoding="UTF-8"?>
<project-private xmlns="http://www.netbeans.org/ns/project-private/1">
    <editor-bookmarks xmlns="http://www.netbeans.org/ns/editor-bookmarks/2" lastBookmarkId="0"/>
    <open-files xmlns="http://www.netbeans.org/ns/projectui-open-files/2">
        <group>
            <file>file:/Users/rnohe/Documents/IUT_Informatique/Archi/2015_2016/ImgToBmpKeilConvertor/src/imgtobmpkeilconvertor/Couleur.java</file>
            <file>file:/Users/rnohe/Documents/IUT_Informatique/Archi/2015_2016/ImgToBmpKeilConvertor/src/imgtobmpkeilconvertor/VILogicielInfos.java</file>
            <file>file:/Users/rnohe/Documents/IUT_Informatique/Archi/2015_2016/ImgToBmpKeilConvertor/src/imgtobmpkeilconvertor/VueRGBconv.java</file>
            <file>file:/Users/rnohe/Documents/IUT_Informatique/Archi/2015_2016/ImgToBmpKeilConvertor/src/imgtobmpkeilconvertor/MConvFen.java</file>
            <file>file:/Users/rnohe/Documents/IUT_Informatique/Archi/2015_2016/ImgToBmpKeilConvertor/src/imgtobmpkeilconvertor/VConvFen.java</file>
            <file>file:/Users/rnohe/Documents/IUT_Informatique/Archi/2015_2016/ImgToBmpKeilConvertor/src/imgtobmpkeilconvertor/ImgToBmpKeilConvertor.java</file>
            <file>file:/Users/rnohe/Documents/IUT_Informatique/Archi/2015_2016/ImgToBmpKeilConvertor/src/imgtobmpkeilconvertor/VImageShow.java</file>
        </group>
    </open-files>
</project-private>
